date,Date,Close,Volume,P/S Ratio
2016-01-04,1/4/2016,223.410004,6827100,7.239
2016-01-05,1/5/2016,223.429993,3186800,7.24
2016-01-06,1/6/2016,219.039993,3779100,7.097
2016-01-07,1/7/2016,215.649994,3554300,6.988
2016-01-08,1/8/2016,211,3628100,6.837
2016-01-11,1/11/2016,207.850006,4089700,6.735
2016-01-12,1/12/2016,209.970001,3091900,6.803
2016-01-13,1/13/2016,200.309998,4126400,6.49
2016-01-14,1/14/2016,206.179993,6490700,6.681
2016-01-15,1/15/2016,204.990005,5578600,6.642
2016-01-19,1/19/2016,204.720001,4038700,6.633
2016-01-20,1/20/2016,198.699997,5838600,6.438
2016-01-21,1/21/2016,199.970001,3166200,6.479
2016-01-22,1/22/2016,202.550003,3124100,6.563
2016-01-25,1/25/2016,196.380005,2698700,6.363
2016-01-26,1/26/2016,193.559998,4946800,6.272
2016-01-27,1/27/2016,188.070007,3617200,6.094
2016-01-28,1/28/2016,189.699997,4592800,6.147
2016-01-29,1/29/2016,191.199997,2852300,6.195
2016-02-01,2/1/2016,196.940002,5297600,6.381
2016-02-02,2/2/2016,182.779999,5773600,5.922
2016-02-03,2/3/2016,173.479996,7931400,5.621
2016-02-04,2/4/2016,175.330002,4363900,5.681
2016-02-05,2/5/2016,162.600006,9437600,5.269
2016-02-08,2/8/2016,147.990005,9313000,4.795
2016-02-09,2/9/2016,148.25,8575100,4.804
2016-02-10,2/10/2016,143.669998,10406500,4.655
2016-02-11,2/11/2016,150.470001,14252400,4.876
2016-02-12,2/12/2016,151.039993,7235800,4.894
2016-02-16,2/16/2016,155.169998,5593800,4.894
2016-02-17,2/17/2016,168.679993,5825200,5.028
2016-02-18,2/18/2016,166.770004,3887600,5.466
2016-02-19,2/19/2016,166.580002,2959400,5.404
2016-02-22,2/22/2016,177.740005,5060100,5.398
2016-02-23,2/23/2016,177.210007,5984400,5.759
2016-02-24,2/24/2016,179,5395600,5.742
2016-02-25,2/25/2016,187.429993,5720500,5.8
2016-02-26,2/26/2016,190.339996,6065100,6.073
2016-02-29,2/29/2016,191.929993,4499000,6.167
2016-03-01,3/1/2016,186.350006,6712200,6.219
2016-03-02,3/2/2016,188.339996,4862400,6.038
2016-03-03,3/3/2016,195.740005,4820500,6.103
2016-03-04,3/4/2016,201.039993,6489100,6.342
2016-03-07,3/7/2016,205.289993,5329400,6.514
2016-03-08,3/8/2016,202.600006,4178700,6.652
2016-03-09,3/9/2016,208.720001,3208600,6.565
2016-03-10,3/10/2016,205.179993,5183200,6.763
2016-03-11,3/11/2016,207.5,3343100,6.648
2016-03-14,3/14/2016,215.149994,4065700,6.723
2016-03-15,3/15/2016,218.339996,3180500,6.971
2016-03-16,3/16/2016,221.929993,3516700,7.075
2016-03-17,3/17/2016,226.380005,3782900,7.191
2016-03-18,3/18/2016,232.740005,4711800,7.335
2016-03-21,3/21/2016,238.320007,5307800,7.541
2016-03-22,3/22/2016,234.240005,4316000,7.722
2016-03-23,3/23/2016,222.580002,4948800,7.59
2016-03-24,3/24/2016,227.75,4960900,7.212
2016-03-28,3/28/2016,230.259995,3925700,7.38
2016-03-29,3/29/2016,230.130005,4004900,7.457
2016-03-30,3/30/2016,226.889999,4033000,7.352
2016-03-31,3/31/2016,229.770004,8012900,7.168
2016-04-01,4/1/2016,237.589996,15997500,7.411
2016-04-04,4/4/2016,246.990005,13475300,7.705
2016-04-05,4/5/2016,255.470001,9948700,7.969
2016-04-06,4/6/2016,265.420013,11679900,8.28
2016-04-07,4/7/2016,257.200012,8856200,8.023
2016-04-08,4/8/2016,250.070007,7363900,7.801
2016-04-11,4/11/2016,249.919998,9161700,7.796
2016-04-12,4/12/2016,247.820007,5750800,7.731
2016-04-13,4/13/2016,254.529999,4925600,7.94
2016-04-14,4/14/2016,251.860001,4120000,7.857
2016-04-15,4/15/2016,254.509995,3752400,7.939
2016-04-18,4/18/2016,253.880005,4261800,7.92
2016-04-19,4/19/2016,247.369995,6357500,7.717
2016-04-20,4/20/2016,249.970001,5194100,7.798
2016-04-21,4/21/2016,248.289993,2783100,7.745
2016-04-22,4/22/2016,253.75,3786300,7.916
2016-04-25,4/25/2016,251.820007,3670300,7.855
2016-04-26,4/26/2016,253.740005,3223800,7.915
2016-04-27,4/27/2016,251.470001,3205800,7.844
2016-04-28,4/28/2016,247.710007,2519000,7.727
2016-04-29,4/29/2016,240.759995,5413800,7.51
2016-05-02,5/2/2016,241.800003,3843900,7.543
2016-05-03,5/3/2016,232.320007,4302200,7.247
2016-05-04,5/4/2016,222.559998,8262500,6.943
2016-05-05,5/5/2016,211.529999,11254800,6.599
2016-05-06,5/6/2016,214.929993,5685200,6.705
2016-05-09,5/9/2016,208.919998,4776400,6.517
2016-05-10,5/10/2016,208.690002,4065200,6.518
2016-05-11,5/11/2016,208.960007,5161900,6.466
2016-05-12,5/12/2016,207.279999,3650500,6.476
2016-05-13,5/13/2016,207.610001,2822800,6.497
2016-05-16,5/16/2016,208.289993,2949400,6.384
2016-05-17,5/17/2016,204.660004,2843600,6.587
2016-05-18,5/18/2016,211.169998,5617500,6.713
2016-05-19,5/19/2016,215.210007,6866300,6.872
2016-05-20,5/20/2016,220.279999,9007100,6.745
2016-05-23,5/23/2016,216.220001,5093200,6.798
2016-05-24,5/24/2016,217.910004,3013800,6.85
2016-05-25,5/25/2016,219.580002,3126800,7.022
2016-05-26,5/26/2016,225.119995,4064000,6.958
2016-05-27,5/27/2016,223.039993,3650300,6.964
2016-05-31,5/31/2016,223.229996,2789000,6.849
2016-06-01,6/1/2016,219.559998,2982700,6.83
2016-06-02,6/2/2016,218.960007,2009400,6.831
2016-06-03,6/3/2016,218.990005,2229000,6.884
2016-06-06,6/6/2016,220.679993,2249500,7.248
2016-06-07,6/7/2016,232.339996,6213600,7.347
2016-06-08,6/8/2016,235.520004,5972000,7.155
2016-06-09,6/9/2016,229.360001,4492100,6.825
2016-06-10,6/10/2016,218.789993,6026600,6.796
2016-06-13,6/13/2016,217.869995,4193000,6.706
2016-06-14,6/14/2016,214.960007,3580200,6.791
2016-06-15,6/15/2016,217.699997,2908500,6.798
2016-06-16,6/16/2016,217.929993,2440300,6.721
2016-06-17,6/17/2016,215.470001,3112600,6.853
2016-06-20,6/20/2016,219.699997,3555500,6.851
2016-06-21,6/21/2016,219.610001,4529000,6.135
2016-06-22,6/22/2016,196.660004,23742400,6.127
2016-06-23,6/23/2016,196.399994,10130700,6.025
2016-06-24,6/24/2016,193.149994,7026500,6.194
2016-06-27,6/27/2016,198.550003,7205400,6.295
2016-06-28,6/28/2016,201.789993,6212400,6.557
2016-06-29,6/29/2016,210.190002,5994900,6.505
2016-06-30,6/30/2016,212.279999,4843100,6.634
2016-07-01,7/1/2016,216.5,5400000,6.557
2016-07-05,7/5/2016,213.979996,5175300,6.571
2016-07-06,7/6/2016,214.440002,4919900,6.617
2016-07-07,7/7/2016,215.940002,3599700,6.643
2016-07-08,7/8/2016,216.779999,4074800,6.888
2016-07-11,7/11/2016,224.779999,5429800,6.884
2016-07-12,7/12/2016,224.649994,4571300,6.819
2016-07-13,7/13/2016,222.529999,3567100,6.788
2016-07-14,7/14/2016,221.529999,2675800,6.754
2016-07-15,7/15/2016,220.399994,2234200,6.933
2016-07-18,7/18/2016,226.25,3412100,6.903
2016-07-19,7/19/2016,225.259995,3115100,6.998
2016-07-20,7/20/2016,228.360001,2568500,6.757
2016-07-21,7/21/2016,220.5,4428700,6.811
2016-07-22,7/22/2016,222.270004,2579700,7.048
2016-07-25,7/25/2016,230.009995,4490700,7.033
2016-07-26,7/26/2016,229.509995,3430000,7.002
2016-07-27,7/27/2016,228.490005,2885200,7.067
2016-07-28,7/28/2016,230.610001,2419100,7.195
2016-07-29,7/29/2016,234.789993,3070800,7.048
2016-08-01,8/1/2016,230.009995,4016300,6.962
2016-08-02,8/2/2016,227.199997,3934400,6.919
2016-08-03,8/3/2016,225.789993,3887800,7.067
2016-08-04,8/4/2016,230.610001,4122800,7.049
2016-08-05,8/5/2016,230.029999,3205200,6.915
2016-08-08,8/8/2016,226.160004,2263600,6.892
2016-08-09,8/9/2016,229.080002,2207800,6.913
2016-08-10,8/10/2016,225.649994,2338300,6.913
2016-08-11,8/11/2016,224.910004,1875800,6.852
2016-08-12,8/12/2016,225.610001,1813500,6.841
2016-08-15,8/15/2016,225.589996,2034300,6.849
2016-08-16,8/16/2016,223.610001,2267100,6.895
2016-08-17,8/17/2016,223.240005,1787100,6.831
2016-08-18,8/18/2016,223.509995,1714500,6.89
2016-08-19,8/19/2016,225,1659500,6.822
2016-08-22,8/22/2016,222.929993,2065500,6.771
2016-08-23,8/23/2016,224.839996,4784400,6.741
2016-08-24,8/24/2016,222.619995,2570700,6.594
2016-08-25,8/25/2016,220.960007,1762500,6.476
2016-08-26,8/26/2016,219.990005,2239000,6.497
2016-08-29,8/29/2016,215.199997,3257100,6.152
2016-08-30,8/30/2016,211.339996,3168900,6.061
2016-08-31,8/31/2016,212.009995,3276500,6.061
2016-09-01,9/1/2016,200.770004,7943100,6.215
2016-09-02,9/2/2016,197.779999,5977400,6.181
2016-09-06,9/6/2016,202.830002,4390600,6.048
2016-09-07,9/7/2016,201.710007,3640900,5.959
2016-09-08,9/8/2016,197.360001,3370000,6.076
2016-09-09,9/9/2016,194.470001,3757000,6.008
2016-09-12,9/12/2016,198.300003,3715200,6.019
2016-09-13,9/13/2016,196.050003,3589400,6.141
2016-09-14,9/14/2016,196.410004,2254500,6.294
2016-09-15,9/15/2016,200.419998,3077200,6.323
2016-09-16,9/16/2016,205.399994,3107800,6.271
2016-09-19,9/19/2016,206.339996,2297000,6.288
2016-09-20,9/20/2016,204.639999,2410500,6.326
2016-09-21,9/21/2016,205.220001,2633500,6.357
2016-09-22,9/22/2016,206.429993,2382900,6.404
2016-09-23,9/23/2016,207.449997,2905200,6.307
2016-09-26,9/26/2016,208.990005,2394400,6.321
2016-09-27,9/27/2016,205.809998,3373200,6.15
2016-09-28,9/28/2016,206.270004,2088400,5.4
2016-09-29,9/29/2016,200.699997,2727000,5.656
2016-09-30,9/30/2016,204.029999,2586300,5.595
2016-10-03,10/3/2016,213.699997,5999900,5.517
2016-10-04,10/4/2016,211.410004,3541500,5.319
2016-10-05,10/5/2016,208.460007,1877500,5.203
2016-10-06,10/6/2016,201,4703400,5.318
2016-10-07,10/7/2016,196.610001,3493000,5.296
2016-10-10,10/10/2016,200.949997,3303100,5.333
2016-10-11,10/11/2016,200.100006,2328400,5.299
2016-10-12,10/12/2016,201.509995,1970700,5.201
2016-10-13,10/13/2016,200.240005,2494600,5.133
2016-10-14,10/14/2016,196.509995,4269900,5.269
2016-10-17,10/17/2016,193.960007,4554100,5.387
2016-10-18,10/18/2016,199.100006,5669000,5.269
2016-10-19,10/19/2016,203.559998,6991200,5.295
2016-10-20,10/20/2016,199.100006,5072900,5.366
2016-10-21,10/21/2016,200.089996,2943400,5.355
2016-10-24,10/24/2016,202.759995,2751600,5.352
2016-10-25,10/25/2016,202.339996,2445000,5.399
2016-10-26,10/26/2016,202.240005,5632800,5.292
2016-10-27,10/27/2016,204.009995,13093700,5.233
2016-10-28,10/28/2016,199.970001,4280100,5.049
2016-10-31,10/31/2016,197.729996,4692300,4.976
2016-11-01,11/1/2016,190.789993,7060000,4.96
2016-11-02,11/2/2016,188.020004,4253400,5.043
2016-11-03,11/3/2016,187.419998,2653000,5.113
2016-11-04,11/4/2016,190.559998,5146000,5.159
2016-11-07,11/7/2016,193.210007,3870100,4.905
2016-11-08,11/8/2016,194.940002,3251400,4.99
2016-11-09,11/9/2016,190.059998,8173100,4.802
2016-11-10,11/10/2016,185.350006,6750300,4.863
2016-11-11,11/11/2016,188.559998,3988500,4.868
2016-11-14,11/14/2016,181.449997,6542200,4.993
2016-11-15,11/15/2016,183.770004,3902000,4.897
2016-11-16,11/16/2016,183.929993,3430400,4.883
2016-11-17,11/17/2016,188.660004,4887100,5.059
2016-11-18,11/18/2016,185.020004,5210300,5.111
2016-11-21,11/21/2016,184.520004,4361000,5.204
2016-11-22,11/22/2016,191.169998,5603400,5.19
2016-11-23,11/23/2016,193.139999,4885300,5.017
2016-11-25,11/25/2016,196.649994,2366100,5.012
2016-11-28,11/28/2016,196.119995,4529200,4.813
2016-11-29,11/29/2016,189.570007,4439300,4.803
2016-11-30,11/30/2016,189.399994,3547100,4.944
2016-12-01,12/1/2016,181.880005,5126400,4.919
2016-12-02,12/2/2016,181.470001,4042300,5.112
2016-12-05,12/5/2016,186.800003,4072200,5.089
2016-12-06,12/6/2016,185.850006,3391600,5.086
2016-12-07,12/7/2016,193.149994,5461900,5.093
2016-12-08,12/8/2016,192.289993,3194100,5.244
2016-12-09,12/9/2016,192.179993,2722500,5.258
2016-12-12,12/12/2016,192.429993,2438900,5.229
2016-12-13,12/13/2016,198.149994,6823900,5.359
2016-12-14,12/14/2016,198.690002,4150900,5.365
2016-12-15,12/15/2016,197.580002,3219600,5.526
2016-12-16,12/16/2016,202.490005,3779800,5.497
2016-12-19,12/19/2016,202.729996,3488100,5.517
2016-12-20,12/20/2016,208.789993,4689100,5.646
2016-12-21,12/21/2016,207.699997,5207600,5.646
2016-12-22,12/22/2016,208.449997,3111100,5.81
2016-12-23,12/23/2016,213.339996,4662900,5.815
2016-12-27,12/27/2016,219.529999,5915700,5.682
2016-12-28,12/28/2016,219.740005,3782500,5.655
2016-12-29,12/29/2016,214.679993,4035900,4.732
2016-12-30,12/30/2016,213.690002,4642600,4.805
2017-01-03,1/3/2017,216.990005,5923300,5.027
2017-01-04,1/4/2017,226.990005,11213500,5.022
2017-01-05,1/5/2017,226.75,5911700,5.072
2017-01-06,1/6/2017,229.009995,5527900,5.122
2017-01-09,1/9/2017,231.279999,3957000,5.091
2017-01-10,1/10/2017,229.869995,3660000,5.088
2017-01-11,1/11/2017,229.729996,3650800,5.084
2017-01-12,1/12/2017,229.589996,3790200,5.265
2017-01-13,1/13/2017,237.75,6093000,5.217
2017-01-17,1/17/2017,235.580002,4611900,5.279
2017-01-18,1/18/2017,238.360001,3769000,5.398
2017-01-19,1/19/2017,243.759995,7732300,5.42
2017-01-20,1/20/2017,244.729996,4204300,5.513
2017-01-23,1/23/2017,248.919998,6262900,5.63
2017-01-24,1/24/2017,254.610001,4965500,5.635
2017-01-25,1/25/2017,254.470001,5142600,5.592
2017-01-26,1/26/2017,252.509995,3152100,5.602
2017-01-27,1/27/2017,252.949997,3166300,5.55
2017-01-30,1/30/2017,250.630005,3801100,5.579
2017-01-31,1/31/2017,251.929993,4116100,5.566
2017-02-01,2/1/2017,249.240005,3958800,5.709
2017-02-02,2/2/2017,251.550003,2499800,5.702
2017-02-03,2/3/2017,251.330002,2186700,5.804
2017-02-06,2/6/2017,257.769989,3562500,5.962
2017-02-07,2/7/2017,257.480011,4244800,5.962
2017-02-08,2/8/2017,262.079987,3933000,6.214
2017-02-09,2/9/2017,269.200012,7820200,6.223
2017-02-10,2/10/2017,269.230011,3619700,6.196
2017-02-13,2/13/2017,280.600006,7029600,5.956
2017-02-14,2/14/2017,280.980011,7329400,6.029
2017-02-15,2/15/2017,279.76001,4947900,6.143
2017-02-16,2/16/2017,268.950012,7077300,6.057
2017-02-17,2/17/2017,272.230011,6257100,5.669
2017-02-21,2/21/2017,277.390015,5676700,5.691
2017-02-22,2/22/2017,273.51001,8755000,5.453
2017-02-23,2/23/2017,255.990005,14915200,5.536
2017-02-24,2/24/2017,257,8171600,5.537
2017-02-27,2/27/2017,246.229996,11460800,5.547
2017-02-28,2/28/2017,249.990005,6078100,5.571
2017-03-01,3/1/2017,250.020004,4809500,5.563
2017-03-02,3/2/2017,250.479996,3351800,5.505
2017-03-03,3/3/2017,251.570007,2919400,5.467
2017-03-06,3/6/2017,251.210007,3355500,5.424
2017-03-07,3/7/2017,248.589996,3459500,5.397
2017-03-08,3/8/2017,246.869995,3725200,5.452
2017-03-09,3/9/2017,244.899994,3879300,5.714
2017-03-10,3/10/2017,243.690002,3066300,5.663
2017-03-13,3/13/2017,246.169998,3022600,5.803
2017-03-14,3/14/2017,258,7598400,5.791
2017-03-15,3/15/2017,255.729996,5330800,5.8
2017-03-16,3/16/2017,262.049988,7132200,5.552
2017-03-17,3/17/2017,261.5,6497500,5.647
2017-03-20,3/20/2017,261.920013,3614300,5.642
2017-03-21,3/21/2017,250.679993,6908600,5.828
2017-03-22,3/22/2017,255.009995,4059300,5.984
2017-03-23,3/23/2017,254.779999,3320200,6.144
2017-03-24,3/24/2017,263.160004,5647300,6.155
2017-03-27,3/27/2017,270.220001,6230800,5.278
2017-03-28,3/28/2017,277.450012,7987600,5.661
2017-03-29,3/29/2017,277.380005,3676200,5.759
2017-03-30,3/30/2017,277.920013,4148400,5.594
2017-03-31,3/31/2017,278.299988,3294600,5.665
2017-04-03,4/3/2017,298.519989,13888600,5.737
2017-04-04,4/4/2017,303.700012,10134600,5.924
2017-04-05,4/5/2017,295,7880900,5.854
2017-04-06,4/6/2017,298.700012,5520600,5.629
2017-04-07,4/7/2017,302.540009,4579600,5.765
2017-04-10,4/10/2017,312.390015,7664500,5.716
2017-04-11,4/11/2017,308.709991,5724600,5.694
2017-04-12,4/12/2017,296.839996,6050700,5.794
2017-04-13,4/13/2017,304,9284600,5.737
2017-04-17,4/17/2017,301.440002,4138700,5.795
2017-04-18,4/18/2017,300.25,3035700,5.841
2017-04-19,4/19/2017,305.519989,3898000,5.951
2017-04-20,4/20/2017,302.51001,6149400,5.882
2017-04-21,4/21/2017,305.600006,4509800,5.853
2017-04-24,4/24/2017,308.029999,5083500,5.956
2017-04-25,4/25/2017,313.790009,6737700,6.122
2017-04-26,4/26/2017,310.170013,4695000,6.047
2017-04-27,4/27/2017,308.630005,3468600,5.898
2017-04-28,4/28/2017,314.070007,4463400,5.603
2017-05-01,5/1/2017,322.829987,8829600,5.848
2017-05-02,5/2/2017,318.890015,5382800,5.826
2017-05-03,5/3/2017,311.019989,7133400,6.092
2017-05-04,5/4/2017,295.459991,14152000,6.167
2017-05-05,5/5/2017,308.350006,8177300,6.127
2017-05-08,5/8/2017,307.190002,7006500,6.16
2017-05-09,5/9/2017,321.26001,9676500,5.99
2017-05-10,5/10/2017,325.220001,5741600,6.012
2017-05-11,5/11/2017,323.100006,4753800,5.805
2017-05-12,5/12/2017,324.809998,4121600,5.937
2017-05-15,5/15/2017,315.880005,7622000,5.895
2017-05-16,5/16/2017,317.01001,4152500,5.762
2017-05-17,5/17/2017,306.109985,6711900,5.883
2017-05-18,5/18/2017,313.059998,5653800,6.008
2017-05-19,5/19/2017,310.829987,4687600,6.166
2017-05-22,5/22/2017,310.350006,4329200,6.355
2017-05-23,5/23/2017,303.859985,4318400,6.467
2017-05-24,5/24/2017,310.220001,5033300,6.455
2017-05-25,5/25/2017,316.829987,5014000,6.587
2017-05-26,5/26/2017,325.140015,7802200,6.691
2017-05-30,5/30/2017,335.100006,7782900,6.82
2017-05-31,5/31/2017,341.01001,9963400,7.017
2017-06-01,6/1/2017,340.369995,7608000,6.776
2017-06-02,6/2/2017,339.850006,5590200,6.808
2017-06-05,6/5/2017,347.320007,6784400,7.129
2017-06-06,6/6/2017,352.850006,11086800,7.219
2017-06-07,6/7/2017,359.649994,9398000,7.118
2017-06-08,6/8/2017,370,9009800,7.043
2017-06-09,6/9/2017,357.320007,17261400,7.013
2017-06-12,6/12/2017,359.01001,10517700,7.059
2017-06-13,6/13/2017,375.950012,11807900,7.138
2017-06-14,6/14/2017,380.660004,12818400,7.256
2017-06-15,6/15/2017,375.339996,10426500,7.272
2017-06-16,6/16/2017,371.399994,6731000,7.159
2017-06-19,6/19/2017,369.799988,6549300,6.872
2017-06-20,6/20/2017,372.23999,7438700,7.04
2017-06-21,6/21/2017,376.399994,4923200,6.841
2017-06-22,6/22/2017,382.609985,7529800,5.933
2017-06-23,6/23/2017,383.450012,6445800,5.786
2017-06-26,6/26/2017,377.48999,6604100,5.786
2017-06-27,6/27/2017,362.369995,6996400,5.367
2017-06-28,6/28/2017,371.23999,6302500,5.067
2017-06-29,6/29/2017,360.75,8221000,5.139
2017-06-30,6/30/2017,361.609985,5848500,5.186
2017-07-03,7/3/2017,352.619995,6305400,5.369
2017-07-05,7/5/2017,327.089996,17046700,5.407
2017-07-06,7/6/2017,308.829987,19324500,5.307
2017-07-07,7/7/2017,313.220001,14176900,5.378
2017-07-10,7/10/2017,316.049988,13820900,5.244
2017-07-11,7/11/2017,327.220001,11559400,5.386
2017-07-12,7/12/2017,329.519989,10346100,5.337
2017-07-13,7/13/2017,323.410004,8594500,5.413
2017-07-14,7/14/2017,327.779999,5625200,5.388
2017-07-17,7/17/2017,319.570007,9876900,5.62
2017-07-18,7/18/2017,328.23999,6373700,5.572
2017-07-19,7/19/2017,325.26001,6357000,5.642
2017-07-20,7/20/2017,329.920013,5166200,5.488
2017-07-21,7/21/2017,328.399994,4901600,5.308
2017-07-24,7/24/2017,342.519989,8637100,5.244
2017-07-25,7/25/2017,339.600006,6989200,5.347
2017-07-26,7/26/2017,343.850006,4820800,5.695
2017-07-27,7/27/2017,334.459991,8302400,5.856
2017-07-28,7/28/2017,335.070007,4880400,5.828
2017-07-31,7/31/2017,323.470001,8535100,5.993
2017-08-01,8/1/2017,319.570007,8303100,5.965
2017-08-02,8/2/2017,325.890015,13091500,5.831
2017-08-03,8/3/2017,347.089996,13535000,5.872
2017-08-04,8/4/2017,356.910004,9268900,5.969
2017-08-07,8/7/2017,355.170013,6324500,5.945
2017-08-08,8/8/2017,365.220001,7449800,5.955
2017-08-09,8/9/2017,363.529999,6892100,5.774
2017-08-10,8/10/2017,355.399994,7092900,5.701
2017-08-11,8/11/2017,357.869995,4365800,5.544
2017-08-14,8/14/2017,363.799988,4502700,5.601
2017-08-15,8/15/2017,362.329987,3085100,5.788
2017-08-16,8/16/2017,362.910004,3413800,5.791
2017-08-17,8/17/2017,351.920013,5027700,5.711
2017-08-18,8/18/2017,347.459991,5408200,5.672
2017-08-21,8/21/2017,337.859985,6495400,5.7
2017-08-22,8/22/2017,341.350006,4322000,5.795
2017-08-23,8/23/2017,352.769989,4954500,5.84
2017-08-24,8/24/2017,352.929993,4584700,5.831
2017-08-25,8/25/2017,348.049988,3484000,5.831
2017-08-28,8/28/2017,345.660004,3764000,5.736
2017-08-29,8/29/2017,347.359985,4073700,5.653
2017-08-30,8/30/2017,353.179993,3412900,5.753
2017-08-31,8/31/2017,355.899994,4072800,5.635
2017-09-01,9/1/2017,355.399994,3049500,5.967
2017-09-05,9/5/2017,349.589996,3835100,5.952
2017-09-06,9/6/2017,344.529999,4091400,6.009
2017-09-07,9/7/2017,350.609985,4239200,6.196
2017-09-08,9/8/2017,343.399994,3263500,6.232
2017-09-11,9/11/2017,363.690002,7667100,6.317
2017-09-12,9/12/2017,362.75,5972900,6.155
2017-09-13,9/13/2017,366.230011,4185200,6.135
2017-09-14,9/14/2017,377.640015,7202500,6.013
2017-09-15,9/15/2017,379.809998,5420500,5.761
2017-09-18,9/18/2017,385,7188000,5.661
2017-09-19,9/19/2017,375.100006,6451900,5.665
2017-09-20,9/20/2017,373.910004,4919100,5.595
2017-09-21,9/21/2017,366.480011,4618200,5.572
2017-09-22,9/22/2017,351.089996,8159400,5.597
2017-09-25,9/25/2017,344.98999,7605900,5.312
2017-09-26,9/26/2017,345.25,7156300,5.415
2017-09-27,9/27/2017,340.970001,6060300,5.522
2017-09-28,9/28/2017,339.600006,5319600,5.527
2017-09-29,9/29/2017,341.100006,5107100,5.551
2017-10-02,10/2/2017,341.529999,5286800,5.334
2017-10-03,10/3/2017,348.140015,10153600,5.531
2017-10-04,10/4/2017,355.01001,8163500,5.516
2017-10-05,10/5/2017,355.329987,4171700,5.533
2017-10-06,10/6/2017,356.880005,4297500,5.531
2017-10-09,10/9/2017,342.940002,7493700,5.454
2017-10-10,10/10/2017,355.589996,6978500,5.534
2017-10-11,10/11/2017,354.600006,4500800,5.594
2017-10-12,10/12/2017,355.679993,4087000,5.472
2017-10-13,10/13/2017,355.570007,3540500,5.368
2017-10-16,10/16/2017,350.600006,5375500,5.242
2017-10-17,10/17/2017,355.75,3293300,5.247
2017-10-18,10/18/2017,359.649994,4939100,5.068
2017-10-19,10/19/2017,351.809998,5061800,5.074
2017-10-20,10/20/2017,345.100006,4930400,4.991
2017-10-23,10/23/2017,337.019989,5747300,4.979
2017-10-24,10/24/2017,337.339996,4491700,5.157
2017-10-25,10/25/2017,325.839996,8594100,4.994
2017-10-26,10/26/2017,326.170013,5023500,4.655
2017-10-27,10/27/2017,320.869995,6979700,4.761
2017-10-30,10/30/2017,320.079987,4254400,4.71
2017-10-31,10/31/2017,331.529999,5672300,4.713
2017-11-01,11/1/2017,321.079987,8457300,4.906
2017-11-02,11/2/2017,299.26001,19791400,4.802
2017-11-03,11/3/2017,306.089996,8894000,4.842
2017-11-06,11/6/2017,302.779999,6486000,4.861
2017-11-07,11/7/2017,306.049988,5294300,4.901
2017-11-08,11/8/2017,304.390015,4725300,4.802
2017-11-09,11/9/2017,302.98999,5447100,4.943
2017-11-10,11/10/2017,302.98999,4625400,4.862
2017-11-13,11/13/2017,315.399994,7584900,4.908
2017-11-14,11/14/2017,308.700012,5676100,4.928
2017-11-15,11/15/2017,311.299988,5978700,4.939
2017-11-16,11/16/2017,312.5,5822100,4.784
2017-11-17,11/17/2017,315.049988,13735100,4.804
2017-11-20,11/20/2017,308.73999,8247700,4.768
2017-11-21,11/21/2017,317.809998,7261300,4.747
2017-11-22,11/22/2017,312.600006,4917600,4.724
2017-11-24,11/24/2017,315.549988,3244100,4.873
2017-11-27,11/27/2017,316.809998,4555900,4.841
2017-11-28,11/28/2017,317.549988,4949500,4.902
2017-11-29,11/29/2017,307.540009,8767400,5.116
2017-11-30,11/30/2017,308.850006,4351600,5.305
2017-12-01,12/1/2017,306.529999,4292900,5.274
2017-12-04,12/4/2017,305.200012,5835100,5.256
2017-12-05,12/5/2017,303.700012,4646500,5.342
2017-12-06,12/6/2017,313.26001,7195300,5.271
2017-12-07,12/7/2017,311.23999,4780600,5.15
2017-12-08,12/8/2017,315.130005,3468500,5.117
2017-12-11,12/11/2017,328.910004,7938000,5.159
2017-12-12,12/12/2017,341.029999,8733200,5.058
2017-12-13,12/13/2017,339.029999,6221500,5.058
2017-12-14,12/14/2017,337.890015,5799900,4.935
2017-12-15,12/15/2017,343.450012,6933200,4.847
2017-12-18,12/18/2017,338.869995,5476200,4.457
2017-12-19,12/19/2017,331.100006,6825000,4.588
2017-12-20,12/20/2017,328.980011,5953800,4.541
2017-12-21,12/21/2017,331.660004,4385200,4.503
2017-12-22,12/22/2017,325.200012,4215800,4.532
2017-12-26,12/26/2017,317.290009,4378400,4.815
2017-12-27,12/27/2017,311.640015,4712100,4.776
2017-12-28,12/28/2017,315.359985,4316300,4.792
2017-12-29,12/29/2017,311.350006,3777200,4.837
2018-01-02,1/2/2018,320.529999,4352200,4.813
2018-01-03,1/3/2018,317.25,4521500,4.813
2018-01-04,1/4/2018,314.619995,9946300,4.868
2018-01-05,1/5/2018,316.579987,4591200,4.969
2018-01-08,1/8/2018,336.410004,9859400,4.932
2018-01-09,1/9/2018,333.690002,7146600,5.01
2018-01-10,1/10/2018,334.799988,4309900,5.032
2018-01-11,1/11/2018,337.950012,6645500,5.05
2018-01-12,1/12/2018,336.220001,4825100,4.951
2018-01-16,1/16/2018,340.059998,6474300,4.833
2018-01-17,1/17/2018,347.160004,7083700,4.908
2018-01-18,1/18/2018,344.570007,5685800,5.003
2018-01-19,1/19/2018,350.019989,4888300,4.95
2018-01-22,1/22/2018,351.559998,6210400,5.072
2018-01-23,1/23/2018,352.790009,5465400,4.999
2018-01-24,1/24/2018,345.890015,5287500,4.938
2018-01-25,1/25/2018,337.640015,6740300,4.512
2018-01-26,1/26/2018,342.850006,4539400,4.443
2018-01-29,1/29/2018,349.529999,4747100,4.519
2018-01-30,1/30/2018,345.820007,4717700,4.633
2018-01-31,1/31/2018,354.309998,6214100,4.614
2018-02-01,2/1/2018,349.25,4197700,4.782
2018-02-02,2/2/2018,343.75,3704800,4.802
2018-02-05,2/5/2018,333.130005,4464100,4.792
2018-02-06,2/6/2018,333.970001,5088400,4.771
2018-02-07,2/7/2018,345,6969200,4.955
2018-02-08,2/8/2018,315.230011,10314600,5.039
2018-02-09,2/9/2018,310.420013,12933700,5.116
2018-02-12,2/12/2018,315.730011,6227800,5.024
2018-02-13,2/13/2018,323.660004,4560200,4.911
2018-02-14,2/14/2018,322.309998,3950700,4.737
2018-02-15,2/15/2018,334.070007,5912900,4.797
2018-02-16,2/16/2018,335.48999,5642600,4.772
2018-02-20,2/20/2018,334.769989,4009400,4.698
2018-02-21,2/21/2018,333.299988,3219600,4.757
2018-02-22,2/22/2018,346.170013,6969800,4.711
2018-02-23,2/23/2018,352.049988,5817400,4.683
2018-02-26,2/26/2018,357.420013,4340000,4.946
2018-02-27,2/27/2018,350.98999,4797400,4.893
2018-02-28,2/28/2018,343.059998,6069700,4.675
2018-03-01,3/1/2018,330.929993,6885600,4.661
2018-03-02,3/2/2018,335.119995,5092800,4.488
2018-03-05,3/5/2018,333.350006,3823800,4.445
2018-03-06,3/6/2018,328.200012,4285700,4.531
2018-03-07,3/7/2018,332.299988,5007300,4.424
2018-03-08,3/8/2018,329.100006,3566200,4.316
2018-03-09,3/9/2018,327.170013,5506800,4.354
2018-03-12,3/12/2018,345.51001,8264000,3.996
2018-03-13,3/13/2018,341.839996,5965800,3.69
2018-03-14,3/14/2018,326.630005,7967400,3.809
2018-03-15,3/15/2018,325.600006,6564800,3.809
2018-03-16,3/16/2018,321.350006,6117300,3.424
2018-03-19,3/19/2018,313.559998,7484300,3.628
2018-03-20,3/20/2018,310.549988,4764300,3.892
2018-03-21,3/21/2018,316.529999,5958400,4.146
2018-03-22,3/22/2018,309.100006,4939800,4.059
2018-03-23,3/23/2018,301.540009,6654900,3.929
2018-03-26,3/26/2018,304.179993,8375200,4.133
2018-03-27,3/27/2018,279.179993,13872000,4.081
2018-03-28,3/28/2018,257.779999,21001400,3.989
2018-03-29,3/29/2018,266.130005,15170700,4.073
2018-04-02,4/2/2018,252.479996,16114000,3.95
2018-04-03,4/3/2018,267.529999,18844400,3.902
2018-04-04,4/4/2018,286.940002,19896700,3.979
2018-04-05,4/5/2018,305.720001,19121100,4.07
2018-04-06,4/6/2018,299.299988,13520300,3.936
2018-04-09,4/9/2018,289.660004,10249800,3.843
2018-04-10,4/10/2018,304.700012,10989800,3.845
2018-04-11,4/11/2018,300.929993,7482900,3.807
2018-04-12,4/12/2018,294.079987,7608800,3.872
2018-04-13,4/13/2018,300.339996,7327200,3.989
2018-04-16,4/16/2018,291.209991,6338500,3.986
2018-04-17,4/17/2018,287.690002,7000000,4.068
2018-04-18,4/18/2018,293.350006,6557700,4.084
2018-04-19,4/19/2018,300.079987,6090600,3.858
2018-04-20,4/20/2018,290.23999,5627900,3.989
2018-04-23,4/23/2018,283.369995,4893400,4.106
2018-04-24,4/24/2018,283.459991,5685300,4.096
2018-04-25,4/25/2018,280.690002,4013600,4.162
2018-04-26,4/26/2018,285.480011,4356000,4.137
2018-04-27,4/27/2018,294.079987,4364600,4.083
2018-04-30,4/30/2018,293.899994,4228200,3.885
2018-05-01,5/1/2018,299.920013,4625600,3.859
2018-05-02,5/2/2018,301.149994,8970400,3.754
2018-05-03,5/3/2018,284.450012,17352100,3.859
2018-05-04,5/4/2018,294.089996,8569400,3.73
2018-05-07,5/7/2018,302.769989,8678200,3.785
2018-05-08,5/8/2018,301.970001,5930000,3.768
2018-05-09,5/9/2018,306.850006,5727400,3.782
2018-05-10,5/10/2018,305.019989,5651600,3.782
2018-05-11,5/11/2018,301.059998,4679600,3.849
2018-05-14,5/14/2018,291.970001,7286800,3.957
2018-05-15,5/15/2018,284.179993,9519200,3.862
2018-05-16,5/16/2018,286.480011,5674000,3.958
2018-05-17,5/17/2018,284.540009,4420600,4.025
2018-05-18,5/18/2018,276.820007,7251900,3.949
2018-05-21,5/21/2018,284.48999,9182600,4.333
2018-05-22,5/22/2018,275.01001,8945800,3.782
2018-05-23,5/23/2018,279.070007,5953100,3.849
2018-05-24,5/24/2018,277.850006,4193000,3.957
2018-05-25,5/25/2018,278.850006,3875100,3.862
2018-05-29,5/29/2018,283.76001,5651100,3.958
2018-05-30,5/30/2018,291.720001,7489700,4.025
2018-05-31,5/31/2018,284.730011,5919700,3.949
2018-06-01,6/1/2018,291.820007,5411400,4.333
2018-06-04,6/4/2018,296.73999,4767300,4.322
2018-06-05,6/5/2018,291.130005,5995200,4.287
2018-06-06,6/6/2018,319.5,18767300,4.308
2018-06-07,6/7/2018,316.089996,14345300,4.504
2018-06-08,6/8/2018,317.660004,8205200,4.649
2018-06-11,6/11/2018,332.100006,13183500,4.676
2018-06-12,6/12/2018,342.769989,22347400,4.852
2018-06-13,6/13/2018,344.779999,9469800,4.858
2018-06-14,6/14/2018,357.720001,10981000,4.898
2018-06-15,6/15/2018,358.170013,10848300,4.899
2018-06-18,6/18/2018,370.829987,11985600,5.03
2018-06-19,6/19/2018,352.55,12537147,5.125
